{
  "manifest": {
    "mixture_id": "e1278_text_form_input_ordered_direct_natural_v1-base",
    "weights": {
      "abstraction_ladder": 0.047430830039525695,
      "awwwards_real": 0.0316205533596838,
      "corruption_repair": 0.047430830039525695,
      "diffusion_corruption": 0.0158102766798419,
      "edit_trajectory": 0.047430830039525695,
      "frontier_described": 0.00790513833992095,
      "frontier_product": 0.00790513833992095,
      "frontier_semantic": 0.00790513833992095,
      "frontier_simplified": 0.00790513833992095,
      "frontier_user": 0.00790513833992095,
      "gold_correction": 0.011857707509881424,
      "human_curated": 0.0632411067193676,
      "human_feedback": 0.047430830039525695,
      "language_contract": 0.0632411067193676,
      "layout_augment": 0.019762845849802375,
      "lexical_typed_map": 0.0158102766798419,
      "programspec_generated": 0.09486166007905139,
      "prompt_paraphrase": 0.023715415019762848,
      "renderer_visual": 0.03952569169960475,
      "rico_real": 0.09486166007905139,
      "scope_canonical_document": 0.023715415019762848,
      "scope_canonical_expression": 0.023715415019762848,
      "scope_canonical_lexical": 0.023715415019762848,
      "scope_canonical_statement": 0.023715415019762848,
      "scope_contract": 0.0158102766798419,
      "scope_identity_document": 0.0158102766798419,
      "scope_identity_expression": 0.0158102766798419,
      "scope_identity_lexical": 0.0158102766798419,
      "scope_identity_statement": 0.0158102766798419,
      "scope_repair_expression": 0.0158102766798419,
      "scope_repair_lexical": 0.0158102766798419,
      "scope_repair_statement": 0.0158102766798419,
      "self_distilled_repair": 0.0158102766798419,
      "self_distilled_success": 0.0158102766798419,
      "stress_adversarial": 0.019762845849802375,
      "web_distilled": 0.023715415019762848
    },
    "task_weights": {
      "generation": 0.16666666666666666,
      "identity_echo": 0.16666666666666666,
      "noop_adversarial": 0.16666666666666666,
      "patch_edit": 0.16666666666666666,
      "repair_completion_inpaint": 0.16666666666666666,
      "state_behavior": 0.16666666666666666
    },
    "notes": "P12 deterministic build; P11-owned weights.",
    "version": 2
  },
  "hash": "8b014ea52149ca357404e51376490be439046914a8c33b509ae15e5a5fcff5d3",
  "diagnostics": {
    "records": 3,
    "family_counts": {
      "programspec_generated": 3
    },
    "task_counts": {
      "generation": 3
    },
    "task_group_counts": {
      "generation": 3
    },
    "unclassified_tasks": 0,
    "unique_program_families": 3,
    "unique_structural_families": 2,
    "observed_component_counts": {
      "Input": 1,
      "Stack": 3,
      "TextContent": 2
    },
    "configured_but_absent_families": [
      "abstraction_ladder",
      "awwwards_real",
      "corruption_repair",
      "diffusion_corruption",
      "edit_trajectory",
      "frontier_described",
      "frontier_product",
      "frontier_semantic",
      "frontier_simplified",
      "frontier_user",
      "gold_correction",
      "human_curated",
      "human_feedback",
      "language_contract",
      "layout_augment",
      "lexical_typed_map",
      "prompt_paraphrase",
      "renderer_visual",
      "rico_real",
      "scope_canonical_document",
      "scope_canonical_expression",
      "scope_canonical_lexical",
      "scope_canonical_statement",
      "scope_contract",
      "scope_identity_document",
      "scope_identity_expression",
      "scope_identity_lexical",
      "scope_identity_statement",
      "scope_repair_expression",
      "scope_repair_lexical",
      "scope_repair_statement",
      "self_distilled_repair",
      "self_distilled_success",
      "stress_adversarial",
      "web_distilled"
    ],
    "present_but_unweighted_families": []
  }
}
