{
  "manifest": {
    "mixture_id": "e1278_text_form_input_ordered_natural_v1-base",
    "weights": {
      "abstraction_ladder": 0.047430830039525695,
      "awwwards_real": 0.0316205533596838,
      "corruption_repair": 0.047430830039525695,
      "diffusion_corruption": 0.0158102766798419,
      "edit_trajectory": 0.047430830039525695,
      "frontier_described": 0.00790513833992095,
      "frontier_product": 0.00790513833992095,
      "frontier_semantic": 0.00790513833992095,
      "frontier_simplified": 0.00790513833992095,
      "frontier_user": 0.00790513833992095,
      "gold_correction": 0.011857707509881424,
      "human_curated": 0.0632411067193676,
      "human_feedback": 0.047430830039525695,
      "language_contract": 0.0632411067193676,
      "layout_augment": 0.019762845849802375,
      "lexical_typed_map": 0.0158102766798419,
      "programspec_generated": 0.09486166007905139,
      "prompt_paraphrase": 0.023715415019762848,
      "renderer_visual": 0.03952569169960475,
      "rico_real": 0.09486166007905139,
      "scope_canonical_document": 0.023715415019762848,
      "scope_canonical_expression": 0.023715415019762848,
      "scope_canonical_lexical": 0.023715415019762848,
      "scope_canonical_statement": 0.023715415019762848,
      "scope_contract": 0.0158102766798419,
      "scope_identity_document": 0.0158102766798419,
      "scope_identity_expression": 0.0158102766798419,
      "scope_identity_lexical": 0.0158102766798419,
      "scope_identity_statement": 0.0158102766798419,
      "scope_repair_expression": 0.0158102766798419,
      "scope_repair_lexical": 0.0158102766798419,
      "scope_repair_statement": 0.0158102766798419,
      "self_distilled_repair": 0.0158102766798419,
      "self_distilled_success": 0.0158102766798419,
      "stress_adversarial": 0.019762845849802375,
      "web_distilled": 0.023715415019762848
    },
    "task_weights": {
      "generation": 0.16666666666666666,
      "identity_echo": 0.16666666666666666,
      "noop_adversarial": 0.16666666666666666,
      "patch_edit": 0.16666666666666666,
      "repair_completion_inpaint": 0.16666666666666666,
      "state_behavior": 0.16666666666666666
    },
    "notes": "P12 deterministic build; P11-owned weights.",
    "version": 2
  },
  "hash": "4006dfda11b1484293050256251d07942dbcfeab18be67179b97503e1fe9c312",
  "diagnostics": {
    "records": 128,
    "family_counts": {
      "corruption_repair": 14,
      "edit_trajectory": 21,
      "programspec_generated": 6,
      "scope_canonical_document": 21,
      "scope_canonical_expression": 8,
      "scope_canonical_lexical": 9,
      "scope_canonical_statement": 8,
      "scope_identity_lexical": 12,
      "scope_identity_statement": 5,
      "scope_repair_expression": 9,
      "scope_repair_lexical": 4,
      "scope_repair_statement": 11
    },
    "task_counts": {
      "edit": 49,
      "generation": 10,
      "identity": 17,
      "patch": 14,
      "repair": 38
    },
    "task_group_counts": {
      "generation": 10,
      "identity_echo": 17,
      "patch_edit": 63,
      "repair_completion_inpaint": 38
    },
    "unclassified_tasks": 0,
    "unique_program_families": 17,
    "unique_structural_families": 45,
    "observed_component_counts": {
      "Buttons": 35,
      "Form": 31,
      "FormControl": 3,
      "Input": 54,
      "Stack": 159,
      "TextContent": 68
    },
    "configured_but_absent_families": [
      "abstraction_ladder",
      "awwwards_real",
      "diffusion_corruption",
      "frontier_described",
      "frontier_product",
      "frontier_semantic",
      "frontier_simplified",
      "frontier_user",
      "gold_correction",
      "human_curated",
      "human_feedback",
      "language_contract",
      "layout_augment",
      "lexical_typed_map",
      "prompt_paraphrase",
      "renderer_visual",
      "rico_real",
      "scope_contract",
      "scope_identity_document",
      "scope_identity_expression",
      "self_distilled_repair",
      "self_distilled_success",
      "stress_adversarial",
      "web_distilled"
    ],
    "present_but_unweighted_families": []
  }
}
