{
  "manifest": {
    "mixture_id": "e1291_document_only_full_program_v1-base",
    "weights": {
      "abstraction_ladder": 0.047430830039525695,
      "awwwards_real": 0.0316205533596838,
      "corruption_repair": 0.047430830039525695,
      "diffusion_corruption": 0.0158102766798419,
      "edit_trajectory": 0.047430830039525695,
      "frontier_described": 0.00790513833992095,
      "frontier_product": 0.00790513833992095,
      "frontier_semantic": 0.00790513833992095,
      "frontier_simplified": 0.00790513833992095,
      "frontier_user": 0.00790513833992095,
      "gold_correction": 0.011857707509881424,
      "human_curated": 0.0632411067193676,
      "human_feedback": 0.047430830039525695,
      "language_contract": 0.0632411067193676,
      "layout_augment": 0.019762845849802375,
      "lexical_typed_map": 0.0158102766798419,
      "programspec_generated": 0.09486166007905139,
      "prompt_paraphrase": 0.023715415019762848,
      "renderer_visual": 0.03952569169960475,
      "rico_real": 0.09486166007905139,
      "scope_canonical_document": 0.023715415019762848,
      "scope_canonical_expression": 0.023715415019762848,
      "scope_canonical_lexical": 0.023715415019762848,
      "scope_canonical_statement": 0.023715415019762848,
      "scope_contract": 0.0158102766798419,
      "scope_identity_document": 0.0158102766798419,
      "scope_identity_expression": 0.0158102766798419,
      "scope_identity_lexical": 0.0158102766798419,
      "scope_identity_statement": 0.0158102766798419,
      "scope_repair_expression": 0.0158102766798419,
      "scope_repair_lexical": 0.0158102766798419,
      "scope_repair_statement": 0.0158102766798419,
      "self_distilled_repair": 0.0158102766798419,
      "self_distilled_success": 0.0158102766798419,
      "stress_adversarial": 0.019762845849802375,
      "web_distilled": 0.023715415019762848
    },
    "task_weights": {
      "generation": 0.16666666666666666,
      "identity_echo": 0.16666666666666666,
      "noop_adversarial": 0.16666666666666666,
      "patch_edit": 0.16666666666666666,
      "repair_completion_inpaint": 0.16666666666666666,
      "state_behavior": 0.16666666666666666
    },
    "notes": "P12 deterministic build; P11-owned weights.",
    "version": 2
  },
  "hash": "6736807c3b8d7ed81de87319f8acebfb7ccb0631363db503c29df186579f78b4",
  "diagnostics": {
    "records": 350,
    "family_counts": {
      "abstraction_ladder": 5,
      "corruption_repair": 13,
      "edit_trajectory": 26,
      "frontier_described": 3,
      "human_curated": 41,
      "language_contract": 2,
      "layout_augment": 95,
      "programspec_generated": 25,
      "prompt_paraphrase": 107,
      "renderer_visual": 1,
      "rico_real": 11,
      "scope_canonical_document": 19,
      "web_distilled": 2
    },
    "task_counts": {
      "edit": 33,
      "generation": 291,
      "patch": 13,
      "repair": 13
    },
    "task_group_counts": {
      "generation": 291,
      "patch_edit": 46,
      "repair_completion_inpaint": 13
    },
    "unclassified_tasks": 0,
    "unique_program_families": 18,
    "unique_structural_families": 109,
    "observed_component_counts": {
      "Accordion": 14,
      "AccordionItem": 14,
      "AreaChart": 14,
      "Button": 130,
      "Buttons": 15,
      "Callout": 21,
      "Card": 94,
      "CardHeader": 21,
      "Carousel": 13,
      "CheckBoxGroup": 13,
      "CheckBoxItem": 13,
      "CodeBlock": 14,
      "Col": 14,
      "DatePicker": 14,
      "Form": 15,
      "FormControl": 21,
      "Image": 14,
      "ImageBlock": 31,
      "ImageGallery": 14,
      "Input": 44,
      "Label": 13,
      "LineChart": 13,
      "MarkDownRenderer": 12,
      "Modal": 19,
      "PieChart": 12,
      "Point": 1,
      "RadarChart": 1,
      "RadialChart": 1,
      "RadioGroup": 13,
      "RadioItem": 13,
      "ScatterChart": 13,
      "ScatterSeries": 14,
      "Select": 14,
      "SelectItem": 14,
      "Separator": 17,
      "Series": 1,
      "SingleStackedBarChart": 1,
      "Slider": 7,
      "Stack": 515,
      "Steps": 13,
      "StepsItem": 13,
      "SwitchGroup": 16,
      "SwitchItem": 30,
      "TabItem": 26,
      "Table": 14,
      "Tabs": 19,
      "Tag": 13,
      "TagBlock": 13,
      "TextArea": 13,
      "TextCallout": 13,
      "TextContent": 297
    },
    "configured_but_absent_families": [
      "awwwards_real",
      "diffusion_corruption",
      "frontier_product",
      "frontier_semantic",
      "frontier_simplified",
      "frontier_user",
      "gold_correction",
      "human_feedback",
      "lexical_typed_map",
      "scope_canonical_expression",
      "scope_canonical_lexical",
      "scope_canonical_statement",
      "scope_contract",
      "scope_identity_document",
      "scope_identity_expression",
      "scope_identity_lexical",
      "scope_identity_statement",
      "scope_repair_expression",
      "scope_repair_lexical",
      "scope_repair_statement",
      "self_distilled_repair",
      "self_distilled_success",
      "stress_adversarial"
    ],
    "present_but_unweighted_families": []
  }
}
