{
  "manifest": {
    "mixture_id": "e937_role_safe_all_targets_v2-base",
    "weights": {
      "abstraction_ladder": 0.047430830039525695,
      "awwwards_real": 0.0316205533596838,
      "corruption_repair": 0.047430830039525695,
      "diffusion_corruption": 0.0158102766798419,
      "edit_trajectory": 0.047430830039525695,
      "frontier_described": 0.00790513833992095,
      "frontier_product": 0.00790513833992095,
      "frontier_semantic": 0.00790513833992095,
      "frontier_simplified": 0.00790513833992095,
      "frontier_user": 0.00790513833992095,
      "gold_correction": 0.011857707509881424,
      "human_curated": 0.0632411067193676,
      "human_feedback": 0.047430830039525695,
      "language_contract": 0.0632411067193676,
      "layout_augment": 0.019762845849802375,
      "lexical_typed_map": 0.0158102766798419,
      "programspec_generated": 0.09486166007905139,
      "prompt_paraphrase": 0.023715415019762848,
      "renderer_visual": 0.03952569169960475,
      "rico_real": 0.09486166007905139,
      "scope_canonical_document": 0.023715415019762848,
      "scope_canonical_expression": 0.023715415019762848,
      "scope_canonical_lexical": 0.023715415019762848,
      "scope_canonical_statement": 0.023715415019762848,
      "scope_contract": 0.0158102766798419,
      "scope_identity_document": 0.0158102766798419,
      "scope_identity_expression": 0.0158102766798419,
      "scope_identity_lexical": 0.0158102766798419,
      "scope_identity_statement": 0.0158102766798419,
      "scope_repair_expression": 0.0158102766798419,
      "scope_repair_lexical": 0.0158102766798419,
      "scope_repair_statement": 0.0158102766798419,
      "self_distilled_repair": 0.0158102766798419,
      "self_distilled_success": 0.0158102766798419,
      "stress_adversarial": 0.019762845849802375,
      "web_distilled": 0.023715415019762848
    },
    "task_weights": {
      "generation": 0.16666666666666666,
      "identity_echo": 0.16666666666666666,
      "noop_adversarial": 0.16666666666666666,
      "patch_edit": 0.16666666666666666,
      "repair_completion_inpaint": 0.16666666666666666,
      "state_behavior": 0.16666666666666666
    },
    "notes": "P12 deterministic build; P11-owned weights.",
    "version": 2
  },
  "hash": "5fb80db1d11d719e128ae8a90755767ec8c8cc8abb776976f5dd3852cc0a2b84",
  "diagnostics": {
    "records": 524,
    "family_counts": {
      "abstraction_ladder": 5,
      "corruption_repair": 13,
      "edit_trajectory": 26,
      "frontier_described": 3,
      "human_curated": 41,
      "language_contract": 55,
      "layout_augment": 95,
      "programspec_generated": 25,
      "prompt_paraphrase": 108,
      "renderer_visual": 1,
      "rico_real": 11,
      "scope_canonical_document": 19,
      "scope_canonical_expression": 18,
      "scope_canonical_lexical": 4,
      "scope_canonical_statement": 14,
      "scope_identity_lexical": 14,
      "scope_identity_statement": 17,
      "scope_repair_expression": 16,
      "scope_repair_lexical": 6,
      "scope_repair_statement": 31,
      "web_distilled": 2
    },
    "task_counts": {
      "edit": 69,
      "generation": 345,
      "identity": 31,
      "patch": 13,
      "repair": 66
    },
    "task_group_counts": {
      "generation": 345,
      "identity_echo": 31,
      "patch_edit": 82,
      "repair_completion_inpaint": 66
    },
    "unclassified_tasks": 0,
    "unique_program_families": 72,
    "unique_structural_families": 222,
    "observed_component_counts": {
      "Accordion": 18,
      "AccordionItem": 19,
      "AreaChart": 14,
      "Button": 133,
      "Buttons": 20,
      "Callout": 26,
      "Card": 97,
      "CardHeader": 22,
      "Carousel": 17,
      "CheckBoxGroup": 17,
      "CheckBoxItem": 15,
      "CodeBlock": 19,
      "Col": 19,
      "DatePicker": 15,
      "Form": 16,
      "FormControl": 24,
      "Image": 18,
      "ImageBlock": 34,
      "ImageGallery": 15,
      "Input": 50,
      "Label": 16,
      "LineChart": 14,
      "MarkDownRenderer": 16,
      "Modal": 23,
      "PieChart": 13,
      "Point": 8,
      "RadarChart": 3,
      "RadialChart": 1,
      "RadioGroup": 18,
      "RadioItem": 18,
      "ScatterChart": 14,
      "ScatterSeries": 20,
      "Select": 18,
      "SelectItem": 16,
      "Separator": 21,
      "Series": 5,
      "SingleStackedBarChart": 1,
      "Slice": 1,
      "Slider": 8,
      "Stack": 509,
      "Steps": 17,
      "StepsItem": 18,
      "SwitchGroup": 19,
      "SwitchItem": 39,
      "TabItem": 30,
      "Table": 15,
      "Tabs": 23,
      "Tag": 16,
      "TagBlock": 14,
      "TextArea": 17,
      "TextCallout": 16,
      "TextContent": 306
    },
    "configured_but_absent_families": [
      "awwwards_real",
      "diffusion_corruption",
      "frontier_product",
      "frontier_semantic",
      "frontier_simplified",
      "frontier_user",
      "gold_correction",
      "human_feedback",
      "lexical_typed_map",
      "scope_contract",
      "scope_identity_document",
      "scope_identity_expression",
      "self_distilled_repair",
      "self_distilled_success",
      "stress_adversarial"
    ],
    "present_but_unweighted_families": []
  }
}
